Country Name,Country Code,Indicator Name,Indicator Code,2012,2013,2014,2015,2016,2017
Aruba,ABW,GDP (current US$),NY.GDP.MKTP.CD,,,,,,
Afghanistan,AFG,GDP (current US$),NY.GDP.MKTP.CD,20536542737,20264253974,20616104298,19215562179,19469022208,20815300220
Angola,AGO,GDP (current US$),NY.GDP.MKTP.CD,1.13923E+11,1.24913E+11,1.2673E+11,1.02621E+11,95337203468,1.24209E+11
Albania,ALB,GDP (current US$),NY.GDP.MKTP.CD,12319784787,12776277515,13228244357,11386931490,11883682171,13039352744
Andorra,AND,GDP (current US$),NY.GDP.MKTP.CD,3164615187,3281585236,3350736367,2811489409,2877311947,3012914131
Arab World,ARB,GDP (current US$),NY.GDP.MKTP.CD,2.78614E+12,2.86604E+12,2.90692E+12,2.55448E+12,2.50016E+12,2.59105E+12
United Arab Emirates,ARE,GDP (current US$),NY.GDP.MKTP.CD,3.74591E+11,3.90108E+11,4.03137E+11,3.58135E+11,3.57045E+11,3.82575E+11
Argentina,ARG,GDP (current US$),NY.GDP.MKTP.CD,5.45982E+11,5.52025E+11,5.2632E+11,5.94749E+11,5.54861E+11,6.3759E+11
Armenia,ARM,GDP (current US$),NY.GDP.MKTP.CD,10619320049,11121465767,11609512940,10553337673,10546135160,11536590636
American Samoa,ASM,GDP (current US$),NY.GDP.MKTP.CD,644000000,641000000,643000000,659000000,658000000,
Antigua and Barbuda,ATG,GDP (current US$),NY.GDP.MKTP.CD,1211411704,1192925407,1280133333,1364863037,1460144704,1532397556
Australia,AUS,GDP (current US$),NY.GDP.MKTP.CD,1.54341E+12,1.5737E+12,1.46496E+12,1.34903E+12,1.20804E+12,1.32342E+12
Austria,AUT,GDP (current US$),NY.GDP.MKTP.CD,4.09425E+11,4.30069E+11,4.41885E+11,3.82066E+11,3.908E+11,4.16596E+11
Azerbaijan,AZE,GDP (current US$),NY.GDP.MKTP.CD,69683935845,74164435946,75244294275,53074370486,37867518957,40747792238
Burundi,BDI,GDP (current US$),NY.GDP.MKTP.CD,2472384907,2714505635,3093647227,3066681387,3007029030,3477502178
Belgium,BEL,GDP (current US$),NY.GDP.MKTP.CD,4.97884E+11,5.20925E+11,5.30771E+11,4.5504E+11,4.67546E+11,4.92681E+11
Benin,BEN,GDP (current US$),NY.GDP.MKTP.CD,8152554487,9157355680,9707432016,8291155881,8573159697,9273558272
Burkina Faso,BFA,GDP (current US$),NY.GDP.MKTP.CD,11166063467,11947176342,12377391463,10419303761,11448781714,12873114800
Bangladesh,BGD,GDP (current US$),NY.GDP.MKTP.CD,1.33356E+11,1.4999E+11,1.72885E+11,1.95079E+11,2.21415E+11,2.49724E+11
Bulgaria,BGR,GDP (current US$),NY.GDP.MKTP.CD,53903022339,55758754072,56731990232,50199104511,53240893665,56831518294
Bahrain,BHR,GDP (current US$),NY.GDP.MKTP.CD,30749308511,32539547872,33387712766,31125851064,32152686170,35307127660
"Bahamas, The",BHS,GDP (current US$),NY.GDP.MKTP.CD,10720500000,10627600000,10957300000,11792300000,11838800000,12162100000
Bosnia and Herzegovina,BIH,GDP (current US$),NY.GDP.MKTP.CD,17226849297,18178503835,18558343508,16209702864,16911088174,18168579578
Belarus,BLR,GDP (current US$),NY.GDP.MKTP.CD,65685102555,75527984234,78813839984,56454734397,47722657821,54442374373
Belize,BLZ,GDP (current US$),NY.GDP.MKTP.CD,1573670250,1612573850,1703951050,1778567600,1820158550,1838000000
Bermuda,BMU,GDP (current US$),NY.GDP.MKTP.CD,5537537000,5573710000,,,,
Bolivia,BOL,GDP (current US$),NY.GDP.MKTP.CD,27084497540,30659338929,32996187988,33000198263,33941126194,37508642113
Brazil,BRA,GDP (current US$),NY.GDP.MKTP.CD,2.46519E+12,2.47281E+12,2.45599E+12,1.80221E+12,1.79399E+12,2.05551E+12
Barbados,BRB,GDP (current US$),NY.GDP.MKTP.CD,4656350000,4612500000,4608350000,4584150000,4529050000,4796845981
Brunei Darussalam,BRN,GDP (current US$),NY.GDP.MKTP.CD,19048495519,18093829923,17098342541,12930394938,11400653960,12128089002
Bhutan,BTN,GDP (current US$),NY.GDP.MKTP.CD,1823692110,1798333726,1944782821,2059258653,2212638830,2511852941
Botswana,BWA,GDP (current US$),NY.GDP.MKTP.CD,14686278707,14915780539,16250774267,14420551446,15648700274,17406530781
Central African Republic,CAF,GDP (current US$),NY.GDP.MKTP.CD,2169706564,1518565298,1702899386,1583776806,1755468137,1949411659
Canada,CAN,GDP (current US$),NY.GDP.MKTP.CD,1.82429E+12,1.84263E+12,1.79927E+12,1.55962E+12,1.53577E+12,1.65304E+12
Central Europe and the Baltics,CEB,GDP (current US$),NY.GDP.MKTP.CD,1.35151E+12,1.42265E+12,1.4639E+12,1.28622E+12,1.31307E+12,1.45075E+12
Switzerland,CHE,GDP (current US$),NY.GDP.MKTP.CD,6.68044E+11,6.88504E+11,7.09183E+11,6.79289E+11,6.68745E+11,6.78887E+11
Channel Islands,CHI,GDP (current US$),NY.GDP.MKTP.CD,,,,,,
Chile,CHL,GDP (current US$),NY.GDP.MKTP.CD,2.67122E+11,2.78384E+11,2.60584E+11,2.43999E+11,2.50036E+11,2.77076E+11
China,CHN,GDP (current US$),NY.GDP.MKTP.CD,8.56055E+12,9.60722E+12,1.04824E+13,1.10647E+13,1.1191E+13,1.22377E+13
Cote d'Ivoire,CIV,GDP (current US$),NY.GDP.MKTP.CD,27040562587,31273049200,35372603446,33145096414,36374849865,40388624117
Cameroon,CMR,GDP (current US$),NY.GDP.MKTP.CD,29104437355,32348149947,34942948737,30916218544,32217537943,34798596482
"Congo, Dem. Rep.",COD,GDP (current US$),NY.GDP.MKTP.CD,29306223081,32671683662,35917650630,37917704900,34991160100,37241300949
"Congo, Rep.",COG,GDP (current US$),NY.GDP.MKTP.CD,13677930124,14085851348,14177437982,8553154580,7833508879,8722553001
Colombia,COL,GDP (current US$),NY.GDP.MKTP.CD,3.6966E+11,3.80192E+11,3.78196E+11,2.9152E+11,2.80091E+11,3.09191E+11
Comoros,COM,GDP (current US$),NY.GDP.MKTP.CD,570865941.2,618663921.9,647720707.1,565689764.6,616654490.4,648920942.7
Cabo Verde,CPV,GDP (current US$),NY.GDP.MKTP.CD,1751888562,1850951315,1858121723,1596154666,1638927336,1753736712
Costa Rica,CRI,GDP (current US$),NY.GDP.MKTP.CD,46473128286,49745088112,50577769838,54775972989,56988989897,57057372468
Caribbean small states,CSS,GDP (current US$),NY.GDP.MKTP.CD,70576655404,71378769877,72525038828,70918077437,67787681466,69331419651
Cuba,CUB,GDP (current US$),NY.GDP.MKTP.CD,73141000000,77148000000,80656100000,87132800000,,
Curacao,CUW,GDP (current US$),NY.GDP.MKTP.CD,,,,,,
Cayman Islands,CYM,GDP (current US$),NY.GDP.MKTP.CD,,,,,,
Cyprus,CYP,GDP (current US$),NY.GDP.MKTP.CD,25041372222,24084572491,23359294149,19676167240,20153871681,21651791751
Czech Republic,CZE,GDP (current US$),NY.GDP.MKTP.CD,2.07376E+11,2.09402E+11,2.07818E+11,1.8683E+11,1.95305E+11,2.15726E+11
Germany,DEU,GDP (current US$),NY.GDP.MKTP.CD,3.54398E+12,3.75251E+12,3.89061E+12,3.37561E+12,3.4778E+12,3.67744E+12
Djibouti,DJI,GDP (current US$),NY.GDP.MKTP.CD,1353632942,1324733712,1455035089,1633741923,1764268469,1844674435
Dominica,DMA,GDP (current US$),NY.GDP.MKTP.CD,485998000,501979259.3,523666333.3,535095851.9,581484037,562540740.7
Denmark,DNK,GDP (current US$),NY.GDP.MKTP.CD,3.27149E+11,3.43584E+11,3.52994E+11,3.01298E+11,3.069E+11,3.24872E+11
Dominican Republic,DOM,GDP (current US$),NY.GDP.MKTP.CD,60657780261,62661773592,66065015410,68802092021,72342967648,75931656815
Algeria,DZA,GDP (current US$),NY.GDP.MKTP.CD,2.09059E+11,2.09755E+11,2.1381E+11,1.65874E+11,1.59049E+11,1.70371E+11
East Asia & Pacific (excluding high income),EAP,GDP (current US$),NY.GDP.MKTP.CD,1.07497E+13,1.18647E+13,1.27575E+13,1.32711E+13,1.35093E+13,1.47423E+13
Early-demographic dividend,EAR,GDP (current US$),NY.GDP.MKTP.CD,1.00332E+13,1.02009E+13,1.05519E+13,1.02274E+13,1.04374E+13,1.12494E+13
East Asia & Pacific,EAS,GDP (current US$),NY.GDP.MKTP.CD,2.10314E+13,2.12752E+13,2.19142E+13,2.1795E+13,2.25122E+13,2.39993E+13
Europe & Central Asia (excluding high income),ECA,GDP (current US$),NY.GDP.MKTP.CD,4.05455E+12,4.31146E+12,4.02178E+12,3.07485E+12,2.9433E+12,3.3005E+12
Europe & Central Asia,ECS,GDP (current US$),NY.GDP.MKTP.CD,2.23436E+13,2.33522E+13,2.36582E+13,2.03734E+13,2.02807E+13,2.14385E+13
Ecuador,ECU,GDP (current US$),NY.GDP.MKTP.CD,87924544000,95129659000,1.01726E+11,99290381000,98613972000,1.03057E+11
"Egypt, Arab Rep.",EGY,GDP (current US$),NY.GDP.MKTP.CD,2.79373E+11,2.88586E+11,3.0553E+11,3.32698E+11,3.32928E+11,2.35369E+11
Euro area,EMU,GDP (current US$),NY.GDP.MKTP.CD,1.26419E+13,1.31933E+13,1.34789E+13,1.16673E+13,1.19347E+13,1.25895E+13
Eritrea,ERI,GDP (current US$),NY.GDP.MKTP.CD,,,,,,
Spain,ESP,GDP (current US$),NY.GDP.MKTP.CD,1.33602E+12,1.36185E+12,1.37691E+12,1.19779E+12,1.23726E+12,1.31132E+12
Estonia,EST,GDP (current US$),NY.GDP.MKTP.CD,23043864510,25137153149,26224622451,22566956982,23337907619,25921079612
Ethiopia,ETH,GDP (current US$),NY.GDP.MKTP.CD,43310721414,47648211133,55612228234,64464547915,73000980434,80561496134
European Union,EUU,GDP (current US$),NY.GDP.MKTP.CD,1.72928E+13,1.80297E+13,1.86355E+13,1.64167E+13,1.64919E+13,1.72777E+13
Fragile and conflict affected situations,FCS,GDP (current US$),NY.GDP.MKTP.CD,8.1246E+11,8.44211E+11,8.54437E+11,7.58949E+11,7.24091E+11,8.30727E+11
Finland,FIN,GDP (current US$),NY.GDP.MKTP.CD,2.56706E+11,2.6998E+11,2.72609E+11,2.32465E+11,2.38678E+11,2.51885E+11
Fiji,FJI,GDP (current US$),NY.GDP.MKTP.CD,3972012571,4190143206,4483416340,4362128146,4671313315,5061202767
France,FRA,GDP (current US$),NY.GDP.MKTP.CD,2.68383E+12,2.81108E+12,2.85217E+12,2.43821E+12,2.46513E+12,2.5825E+12
Faroe Islands,FRO,GDP (current US$),NY.GDP.MKTP.CD,2356495468,2613464380,2810547884,2476746087,,
"Micronesia, Fed. Sts.",FSM,GDP (current US$),NY.GDP.MKTP.CD,326128700,316040600,317999400,315179700,329895600,336427532.9
Gabon,GAB,GDP (current US$),NY.GDP.MKTP.CD,17171468469,17590680917,18179666879,14377389786,14014278017,14622880886
United Kingdom,GBR,GDP (current US$),NY.GDP.MKTP.CD,2.66209E+12,2.73982E+12,3.02283E+12,2.88557E+12,2.65085E+12,2.62243E+12
Georgia,GEO,GDP (current US$),NY.GDP.MKTP.CD,15846474596,16140047012,16509305828,13993546732,14378016732,15159281211
Ghana,GHA,GDP (current US$),NY.GDP.MKTP.CD,41939728979,47805069495,39086625009,37338430643,42803583022,47330016343
Gibraltar,GIB,GDP (current US$),NY.GDP.MKTP.CD,,,,,,
Guinea,GIN,GDP (current US$),NY.GDP.MKTP.CD,7504778989,8263033525,8765037367,8857790362,9275886922,10491474930
"Gambia, The",GMB,GDP (current US$),NY.GDP.MKTP.CD,910026155.7,898947649.5,833249466.8,907655651.5,962797146.5,1014621520
Guinea-Bissau,GNB,GDP (current US$),NY.GDP.MKTP.CD,989875559.1,1045790133,1053512334,1047808175,1178204501,1346933490
Equatorial Guinea,GNQ,GDP (current US$),NY.GDP.MKTP.CD,22389627294,21942597765,21736500713,13180194733,11259559879,12486753871
Greece,GRC,GDP (current US$),NY.GDP.MKTP.CD,2.45671E+11,2.39862E+11,2.3703E+11,1.95542E+11,1.92691E+11,2.00288E+11
Grenada,GRD,GDP (current US$),NY.GDP.MKTP.CD,799882148.1,842620111.1,911481481.5,997007925.9,1056188593,1118816679
Greenland,GRL,GDP (current US$),NY.GDP.MKTP.CD,2609667674,2669515517,2837737194,2520206900,2705891617,
Guatemala,GTM,GDP (current US$),NY.GDP.MKTP.CD,50388454861,53851058955,58722323918,63767597194,68663653469,75620095538
Guam,GUM,GDP (current US$),NY.GDP.MKTP.CD,5199000000,5337000000,5531000000,5697000000,5793000000,
Guyana,GUY,GDP (current US$),NY.GDP.MKTP.CD,2861562266,2990006534,3077086276,3166029056,3504024213,3675631961
High income,HIC,GDP (current US$),NY.GDP.MKTP.CD,4.94672E+13,5.00126E+13,5.10487E+13,4.83224E+13,4.92819E+13,5.14754E+13
"Hong Kong SAR, China",HKG,GDP (current US$),NY.GDP.MKTP.CD,2.62629E+11,2.75697E+11,2.91459E+11,3.09384E+11,3.20881E+11,3.41449E+11
Honduras,HND,GDP (current US$),NY.GDP.MKTP.CD,18528601901,18499710128,19756494435,20979767785,21643936939,22978532897
Heavily indebted poor countries (HIPC),HPC,GDP (current US$),NY.GDP.MKTP.CD,5.64382E+11,6.12899E+11,6.50445E+11,6.40014E+11,6.52176E+11,7.28774E+11
Croatia,HRV,GDP (current US$),NY.GDP.MKTP.CD,56565475275,58085856019,57629518806,49425513611,51338524831,54849180229
Haiti,HTI,GDP (current US$),NY.GDP.MKTP.CD,7890216508,8452509316,8776350790,8724656126,7970649131,8408150518
Hungary,HUN,GDP (current US$),NY.GDP.MKTP.CD,1.27857E+11,1.35216E+11,1.40118E+11,1.22879E+11,1.25817E+11,1.39135E+11
IBRD only,IBD,GDP (current US$),NY.GDP.MKTP.CD,2.51108E+13,2.65485E+13,2.74178E+13,2.58923E+13,2.60255E+13,2.86485E+13
IDA & IBRD total,IBT,GDP (current US$),NY.GDP.MKTP.CD,2.68961E+13,2.84875E+13,2.95105E+13,2.79157E+13,2.80057E+13,3.07418E+13
IDA total,IDA,GDP (current US$),NY.GDP.MKTP.CD,1.78805E+12,1.94428E+12,2.10189E+12,2.0334E+12,1.98882E+12,2.09962E+12
IDA blend,IDB,GDP (current US$),NY.GDP.MKTP.CD,8.9723E+11,9.73743E+11,1.05527E+12,9.85847E+11,9.24035E+11,9.15342E+11
Indonesia,IDN,GDP (current US$),NY.GDP.MKTP.CD,9.1787E+11,9.12524E+11,8.90815E+11,8.60854E+11,9.32256E+11,1.01554E+12
IDA only,IDX,GDP (current US$),NY.GDP.MKTP.CD,8.81149E+11,9.60195E+11,1.03522E+12,1.03948E+12,1.06027E+12,1.18602E+12
Isle of Man,IMN,GDP (current US$),NY.GDP.MKTP.CD,6433357030,6754330155,7428280402,6792417112,,
India,IND,GDP (current US$),NY.GDP.MKTP.CD,1.82764E+12,1.85672E+12,2.03913E+12,2.10239E+12,2.27423E+12,2.59749E+12
Not classified,INX,GDP (current US$),NY.GDP.MKTP.CD,,,,,,
Ireland,IRL,GDP (current US$),NY.GDP.MKTP.CD,2.25572E+11,2.39389E+11,2.58099E+11,2.90617E+11,3.04819E+11,3.33731E+11
"Iran, Islamic Rep.",IRN,GDP (current US$),NY.GDP.MKTP.CD,5.98853E+11,4.67415E+11,4.34475E+11,3.85874E+11,4.18977E+11,4.39514E+11
Iraq,IRQ,GDP (current US$),NY.GDP.MKTP.CD,2.18001E+11,2.34648E+11,2.34648E+11,1.7964E+11,1.71489E+11,1.97716E+11
Iceland,ISL,GDP (current US$),NY.GDP.MKTP.CD,14292008745,15548321544,17304033021,16942247374,20304098101,23909289979
Israel,ISR,GDP (current US$),NY.GDP.MKTP.CD,2.57297E+11,2.92489E+11,3.08417E+11,2.99094E+11,3.17748E+11,3.50851E+11
Italy,ITA,GDP (current US$),NY.GDP.MKTP.CD,2.07282E+12,2.13049E+12,2.15173E+12,1.83287E+12,1.85938E+12,1.9348E+12
Jamaica,JAM,GDP (current US$),NY.GDP.MKTP.CD,14800165407,14274983016,13897723431,14186886643,14056908749,14768134912
Jordan,JOR,GDP (current US$),NY.GDP.MKTP.CD,30937277606,33593843662,35826925775,37517410282,38654727746,40068308516
Japan,JPN,GDP (current US$),NY.GDP.MKTP.CD,6.20321E+12,5.15572E+12,4.85041E+12,4.39498E+12,4.94927E+12,4.87214E+12
Kazakhstan,KAZ,GDP (current US$),NY.GDP.MKTP.CD,2.07999E+11,2.36635E+11,2.21416E+11,1.84388E+11,1.37278E+11,1.59407E+11
Kenya,KEN,GDP (current US$),NY.GDP.MKTP.CD,50334699324,55096730083,61448046802,64007293815,70875289605,74938190655
Kyrgyz Republic,KGZ,GDP (current US$),NY.GDP.MKTP.CD,6605139933,7335027592,7468096567,6678178340,6813092066,7564738836
Cambodia,KHM,GDP (current US$),NY.GDP.MKTP.CD,14054443213,15227991395,16702610842,18049954289,20016747754,22158209503
Kiribati,KIR,GDP (current US$),NY.GDP.MKTP.CD,188045661.6,187153601.1,178869298.7,169140560.4,181551516.5,196150061.3
St. Kitts and Nevis,KNA,GDP (current US$),NY.GDP.MKTP.CD,734462666.7,788163888.9,847778185.2,878281518.5,909854629.6,945854481.5
"Korea, Rep.",KOR,GDP (current US$),NY.GDP.MKTP.CD,1.22281E+12,1.3056E+12,1.41133E+12,1.38276E+12,1.4148E+12,1.53075E+12
Kuwait,KWT,GDP (current US$),NY.GDP.MKTP.CD,1.7407E+11,1.74161E+11,1.62631E+11,1.14567E+11,1.10912E+11,1.20126E+11
Latin America & Caribbean (excluding high income),LAC,GDP (current US$),NY.GDP.MKTP.CD,5.06611E+12,5.18532E+12,5.34427E+12,4.37565E+12,4.26379E+12,4.72305E+12
Lao PDR,LAO,GDP (current US$),NY.GDP.MKTP.CD,10191350120,11942230508,13268458232,14390391264,15805707154,16853079615
Lebanon,LBN,GDP (current US$),NY.GDP.MKTP.CD,43868565282,46014226808,47833413749,49459296463,49598825982,51844487742
Liberia,LBR,GDP (current US$),NY.GDP.MKTP.CD,1735500000,1946500000,2013000000,2034000000,2101000000,2158000000
Libya,LBY,GDP (current US$),NY.GDP.MKTP.CD,81873662519,65502870174,41142722414,29274816454,32257171354,50984362478
St. Lucia,LCA,GDP (current US$),NY.GDP.MKTP.CD,1436803333,1489928889,1551921037,1649142630,1667078704,1712306556
Latin America & Caribbean,LCN,GDP (current US$),NY.GDP.MKTP.CD,6.13423E+12,6.28395E+12,6.40466E+12,5.50478E+12,5.36066E+12,5.95467E+12
Least developed countries: UN classification,LDC,GDP (current US$),NY.GDP.MKTP.CD,8.05122E+11,8.74604E+11,9.44664E+11,9.28338E+11,9.29672E+11,1.06264E+12
Low income,LIC,GDP (current US$),NY.GDP.MKTP.CD,4.73082E+11,5.16219E+11,5.54429E+11,5.3015E+11,5.0178E+11,5.49654E+11
Liechtenstein,LIE,GDP (current US$),NY.GDP.MKTP.CD,5456009385,6391735894,6657170923,6289165410,,
Sri Lanka,LKA,GDP (current US$),NY.GDP.MKTP.CD,68436230408,74294206491,79359306576,80554807486,81788375090,87174682200
Lower middle income,LMC,GDP (current US$),NY.GDP.MKTP.CD,5.32824E+12,5.55166E+12,5.84097E+12,5.78882E+12,6.0368E+12,6.50416E+12
Low & middle income,LMY,GDP (current US$),NY.GDP.MKTP.CD,2.55103E+13,2.70528E+13,2.80987E+13,2.65346E+13,2.66636E+13,2.92368E+13
Lesotho,LSO,GDP (current US$),NY.GDP.MKTP.CD,2678494689,2526020566,2614576996,2505879960,2291319972,2639386291
Late-demographic dividend,LTE,GDP (current US$),NY.GDP.MKTP.CD,1.76319E+13,1.90131E+13,1.97E+13,1.84644E+13,1.84676E+13,2.04529E+13
Lithuania,LTU,GDP (current US$),NY.GDP.MKTP.CD,42848195256,46417340375,48516371721,41508609233,42773029835,47168303744
Luxembourg,LUX,GDP (current US$),NY.GDP.MKTP.CD,56677961787,61739352212,66327344189,57784495265,58631324559,62404461275
Latvia,LVA,GDP (current US$),NY.GDP.MKTP.CD,28119996053,30254677297,31335013752,26972863394,27571513793,30264454642
"Macao SAR, China",MAC,GDP (current US$),NY.GDP.MKTP.CD,43031577366,51552075902,55347998648,45361678147,45310877913,50361201096
St. Martin (French part),MAF,GDP (current US$),NY.GDP.MKTP.CD,,,,,,
Morocco,MAR,GDP (current US$),NY.GDP.MKTP.CD,98266306615,1.06826E+11,1.09881E+11,1.00593E+11,1.03606E+11,1.09139E+11
Monaco,MCO,GDP (current US$),NY.GDP.MKTP.CD,,,,,,
Moldova,MDA,GDP (current US$),NY.GDP.MKTP.CD,7284686576,7985349731,7983271111,6512899540,6795741776,8128493432
Madagascar,MDG,GDP (current US$),NY.GDP.MKTP.CD,9919780071,10601690872,10673516673,9744243531,10001193315,11499803807
Maldives,MDV,GDP (current US$),NY.GDP.MKTP.CD,2886170572,3295011382,3697351597,4006531188,4222767413,4597083304
Middle East & North Africa,MEA,GDP (current US$),NY.GDP.MKTP.CD,3.57507E+12,3.55243E+12,3.56676E+12,3.1414E+12,3.14248E+12,3.26575E+12
Mexico,MEX,GDP (current US$),NY.GDP.MKTP.CD,1.20109E+12,1.27444E+12,1.31439E+12,1.16962E+12,1.07691E+12,1.14992E+12
Marshall Islands,MHL,GDP (current US$),NY.GDP.MKTP.CD,185210500,190800800,183121300,179697900,194497900,199399247.1
Middle income,MIC,GDP (current US$),NY.GDP.MKTP.CD,2.50315E+13,2.65334E+13,2.75445E+13,2.60058E+13,2.61578E+13,2.86827E+13
"Macedonia, FYR",MKD,GDP (current US$),NY.GDP.MKTP.CD,9745251126,10817712139,11362272838,10051659161,10745787406,11337827332
Mali,MLI,GDP (current US$),NY.GDP.MKTP.CD,12442747897,13246412031,14388360064,13100058100,14034980334,15288163367
Malta,MLT,GDP (current US$),NY.GDP.MKTP.CD,9209559296,10145114180,11234045376,10574026838,11279535398,12537750732
Myanmar,MMR,GDP (current US$),NY.GDP.MKTP.CD,59937797559,60269734045,65446402659,59687373958,63225097051,69322122756
Middle East & North Africa (excluding high income),MNA,GDP (current US$),NY.GDP.MKTP.CD,1.72826E+12,1.6232E+12,1.59741E+12,1.43524E+12,1.44468E+12,1.43175E+12
Montenegro,MNE,GDP (current US$),NY.GDP.MKTP.CD,4087724528,4464261816,4587926231,4052913386,4374130531,4774086094
Mongolia,MNG,GDP (current US$),NY.GDP.MKTP.CD,12292770631,12582122604,12226514722,11749620620,11183458131,11488046881
Northern Mariana Islands,MNP,GDP (current US$),NY.GDP.MKTP.CD,751000000,784000000,845000000,933000000,1242000000,
Mozambique,MOZ,GDP (current US$),NY.GDP.MKTP.CD,14534278446,16018848991,16961117243,14798399862,11014862242,12333859926
Mauritania,MRT,GDP (current US$),NY.GDP.MKTP.CD,5225533500,5724227185,5391475277,4844223107,4739298311,5024705934
Mauritius,MUS,GDP (current US$),NY.GDP.MKTP.CD,11668685524,12129642296,12803445934,11692287066,12232463656,13338147523
Malawi,MWI,GDP (current US$),NY.GDP.MKTP.CD,6028470989,5518901971,6054750320,6373201160,5433038647,6303277591
Malaysia,MYS,GDP (current US$),NY.GDP.MKTP.CD,3.14443E+11,3.23277E+11,3.38062E+11,2.96434E+11,2.96536E+11,3.145E+11
North America,NAC,GDP (current US$),NY.GDP.MKTP.CD,1.79851E+13,1.85397E+13,1.92327E+13,1.96863E+13,2.01663E+13,2.105E+13
Namibia,NAM,GDP (current US$),NY.GDP.MKTP.CD,13016272899,12717790505,12786078008,11769045772,11309232188,13244597345
New Caledonia,NCL,GDP (current US$),NY.GDP.MKTP.CD,,,,,,
Niger,NER,GDP (current US$),NY.GDP.MKTP.CD,6942209336,7667949964,8229732168,7251323996,7606749314,8119732793
Nigeria,NGA,GDP (current US$),NY.GDP.MKTP.CD,4.60954E+11,5.14966E+11,5.68499E+11,4.81066E+11,4.04653E+11,3.75771E+11
Nicaragua,NIC,GDP (current US$),NY.GDP.MKTP.CD,10532001130,10982972256,11880438824,12611087031,13184989878,13814261536
Netherlands,NLD,GDP (current US$),NY.GDP.MKTP.CD,8.28947E+11,8.6668E+11,8.79635E+11,7.57999E+11,7.77228E+11,8.262E+11
Norway,NOR,GDP (current US$),NY.GDP.MKTP.CD,5.10229E+11,5.23502E+11,4.99339E+11,3.86663E+11,3.71075E+11,3.98832E+11
Nepal,NPL,GDP (current US$),NY.GDP.MKTP.CD,18851513891,19271168018,20002968838,21410840909,21131983246,24472013234
Nauru,NRU,GDP (current US$),NY.GDP.MKTP.CD,103811958.8,108601538.5,117020381.9,100459782.6,102060129.6,113884908.4
New Zealand,NZL,GDP (current US$),NY.GDP.MKTP.CD,1.76193E+11,1.90785E+11,2.00955E+11,1.77621E+11,1.89286E+11,2.05853E+11
OECD members,OED,GDP (current US$),NY.GDP.MKTP.CD,4.78508E+13,4.8427E+13,4.94365E+13,4.67075E+13,4.76155E+13,4.95792E+13
Oman,OMN,GDP (current US$),NY.GDP.MKTP.CD,76689206762,78938881664,81076723017,68905071521,66824447334,72642652796
Other small states,OSS,GDP (current US$),NY.GDP.MKTP.CD,4.1881E+11,4.35102E+11,4.47242E+11,3.72657E+11,3.64419E+11,4.02189E+11
Pakistan,PAK,GDP (current US$),NY.GDP.MKTP.CD,2.24384E+11,2.31219E+11,2.44361E+11,2.70556E+11,2.78655E+11,3.04952E+11
Panama,PAN,GDP (current US$),NY.GDP.MKTP.CD,40429734400,45599994000,49921464400,54315722500,57820916600,61838175800
Peru,PER,GDP (current US$),NY.GDP.MKTP.CD,1.92649E+11,2.01218E+11,2.01081E+11,1.89927E+11,1.9164E+11,2.11389E+11
Philippines,PHL,GDP (current US$),NY.GDP.MKTP.CD,2.50092E+11,2.71836E+11,2.84585E+11,2.92774E+11,3.04889E+11,3.13595E+11
Palau,PLW,GDP (current US$),NY.GDP.MKTP.CD,214597500,225269300,245560300,293082900,302699800,291544300
Papua New Guinea,PNG,GDP (current US$),NY.GDP.MKTP.CD,21295834133,21261305413,23060047128,20638636035,19904808312,21088758485
Poland,POL,GDP (current US$),NY.GDP.MKTP.CD,5.00361E+11,5.24234E+11,5.4518E+11,4.77356E+11,4.714E+11,5.2451E+11
Pre-demographic dividend,PRE,GDP (current US$),NY.GDP.MKTP.CD,1.28852E+12,1.41049E+12,1.50351E+12,1.30627E+12,1.20709E+12,1.29707E+12
Puerto Rico,PRI,GDP (current US$),NY.GDP.MKTP.CD,1.01565E+11,1.0245E+11,1.02446E+11,1.03144E+11,1.05035E+11,
"Korea, Dem. People¡¦s Rep.",PRK,GDP (current US$),NY.GDP.MKTP.CD,,,,,,
Portugal,PRT,GDP (current US$),NY.GDP.MKTP.CD,2.16368E+11,2.26073E+11,2.2963E+11,1.9942E+11,2.05184E+11,2.17571E+11
Paraguay,PRY,GDP (current US$),NY.GDP.MKTP.CD,24595319574,28965906502,30881166852,27282581336,27424071373,29734895249
West Bank and Gaza,PSE,GDP (current US$),NY.GDP.MKTP.CD,11279400000,12476000000,12715600000,12673000000,13425700000,14498100000
Pacific island small states,PSS,GDP (current US$),NY.GDP.MKTP.CD,8146587825,8442587805,8798000775,8587236272,9027150901,9687357499
Post-demographic dividend,PST,GDP (current US$),NY.GDP.MKTP.CD,4.5463E+13,4.58602E+13,4.67897E+13,4.42804E+13,4.52574E+13,4.7087E+13
French Polynesia,PYF,GDP (current US$),NY.GDP.MKTP.CD,,,,,,
Qatar,QAT,GDP (current US$),NY.GDP.MKTP.CD,1.86834E+11,1.98728E+11,2.06225E+11,1.64641E+11,1.52452E+11,1.67605E+11
Romania,ROU,GDP (current US$),NY.GDP.MKTP.CD,1.71665E+11,1.91549E+11,1.99493E+11,1.77911E+11,1.87806E+11,2.11803E+11
Russian Federation,RUS,GDP (current US$),NY.GDP.MKTP.CD,2.21026E+12,2.29713E+12,2.06366E+12,1.3684E+12,1.28473E+12,1.57752E+12
Rwanda,RWA,GDP (current US$),NY.GDP.MKTP.CD,7334917697,7621923308,8016591928,8277613194,8475681533,9136689514
South Asia,SAS,GDP (current US$),NY.GDP.MKTP.CD,2.29791E+12,2.35685E+12,2.58199E+12,2.69527E+12,2.90312E+12,3.29174E+12
Saudi Arabia,SAU,GDP (current US$),NY.GDP.MKTP.CD,7.35975E+11,7.46647E+11,7.5635E+11,6.5427E+11,6.44936E+11,6.83827E+11
Sudan,SDN,GDP (current US$),NY.GDP.MKTP.CD,68125631150,72065940086,82151588419,97156119150,95584380032,1.17488E+11
Senegal,SEN,GDP (current US$),NY.GDP.MKTP.CD,14225310519,14851057085,15304363138,13640668374,14683747154,16374743753
Singapore,SGP,GDP (current US$),NY.GDP.MKTP.CD,2.90674E+11,3.04454E+11,3.11539E+11,3.04098E+11,3.09764E+11,3.23907E+11
Solomon Islands,SLB,GDP (current US$),NY.GDP.MKTP.CD,1063879451,1129787202,1172268296,1154650066,1232699140,1303453616
Sierra Leone,SLE,GDP (current US$),NY.GDP.MKTP.CD,3801862611,4920343195,5015157816,4218723875,3556036535,3774270392
El Salvador,SLV,GDP (current US$),NY.GDP.MKTP.CD,21386153000,21977401900,22585841200,23166030400,23912227500,24805439600
San Marino,SMR,GDP (current US$),NY.GDP.MKTP.CD,1800077091,1865374403,1845561895,1569258068,1590707965,1658778454
Somalia,SOM,GDP (current US$),NY.GDP.MKTP.CD,,6486974549,6568443573,6631336625,6752653099,7368560695
Serbia,SRB,GDP (current US$),NY.GDP.MKTP.CD,40742313861,45519650911,44210806366,37160332465,38299854688,41431648801
Sub-Saharan Africa (excluding high income),SSA,GDP (current US$),NY.GDP.MKTP.CD,1.61227E+12,1.70144E+12,1.78251E+12,1.60869E+12,1.51105E+12,1.64723E+12
South Sudan,SSD,GDP (current US$),NY.GDP.MKTP.CD,11266779661,14940338983,15099661017,10906867790,2904114903,
Sub-Saharan Africa,SSF,GDP (current US$),NY.GDP.MKTP.CD,1.61333E+12,1.70277E+12,1.78385E+12,1.61006E+12,1.51247E+12,1.64871E+12
Small states,SST,GDP (current US$),NY.GDP.MKTP.CD,4.97533E+11,5.14924E+11,5.28565E+11,4.52163E+11,4.41234E+11,4.81208E+11
Sao Tome and Principe,STP,GDP (current US$),NY.GDP.MKTP.CD,252560557.1,302925489.7,348941656.8,315520894.9,354238109.3,390871568.6
Suriname,SUR,GDP (current US$),NY.GDP.MKTP.CD,4980000000,5145757576,5240606061,4826587058,3278425328,3324385325
Slovak Republic,SVK,GDP (current US$),NY.GDP.MKTP.CD,93413992956,98478349315,1.00948E+11,87501423882,89768598023,95769031980
Slovenia,SVN,GDP (current US$),NY.GDP.MKTP.CD,46352802766,48116256926,49904928335,43072415017,44708598649,48769655479
Sweden,SWE,GDP (current US$),NY.GDP.MKTP.CD,5.43881E+11,5.78742E+11,5.73818E+11,4.97918E+11,5.1446E+11,5.3804E+11
Swaziland,SWZ,GDP (current US$),NY.GDP.MKTP.CD,4823831657,4560713074,4377293816,4020275298,3720649375,4408564260
Sint Maarten (Dutch part),SXM,GDP (current US$),NY.GDP.MKTP.CD,,,,,,
Seychelles,SYC,GDP (current US$),NY.GDP.MKTP.CD,1059498884,1328091524,1342997306,1375604279,1425929444,1485994387
Syrian Arab Republic,SYR,GDP (current US$),NY.GDP.MKTP.CD,,,,,,
Turks and Caicos Islands,TCA,GDP (current US$),NY.GDP.MKTP.CD,,,,,,
Chad,TCD,GDP (current US$),NY.GDP.MKTP.CD,12368071039,12949854263,13922223234,10985793715,9412034269,9981303726
East Asia & Pacific (IDA & IBRD countries),TEA,GDP (current US$),NY.GDP.MKTP.CD,1.07289E+13,1.18418E+13,1.27329E+13,1.32456E+13,1.34834E+13,1.4714E+13
Europe & Central Asia (IDA & IBRD countries),TEC,GDP (current US$),NY.GDP.MKTP.CD,4.61148E+12,4.89378E+12,4.62459E+12,3.60163E+12,3.46604E+12,3.87986E+12
Togo,TGO,GDP (current US$),NY.GDP.MKTP.CD,3866618282,4080929201,4482880424,4087775415,4388569576,4812554346
Thailand,THA,GDP (current US$),NY.GDP.MKTP.CD,3.97558E+11,4.20333E+11,4.07339E+11,4.01399E+11,4.11755E+11,4.55221E+11
Tajikistan,TJK,GDP (current US$),NY.GDP.MKTP.CD,7633049792,8506674783,9236309138,7853450374,6951657159,7145701019
Turkmenistan,TKM,GDP (current US$),NY.GDP.MKTP.CD,35164210526,39197543860,43524210526,35799628571,36179885714,42355428571
Latin America & the Caribbean (IDA & IBRD countries),TLA,GDP (current US$),NY.GDP.MKTP.CD,5.92533E+12,6.07027E+12,6.187E+12,5.27806E+12,5.13444E+12,5.70471E+12
Timor-Leste,TLS,GDP (current US$),NY.GDP.MKTP.CD,6671047974,5649813361,4045377828,3104426021,2521007679,2954621000
Middle East & North Africa (IDA & IBRD countries),TMN,GDP (current US$),NY.GDP.MKTP.CD,1.717E+12,1.61066E+12,1.5846E+12,1.42243E+12,1.43108E+12,1.41701E+12
Tonga,TON,GDP (current US$),NY.GDP.MKTP.CD,472358251.2,450686353.7,443911052.3,435438217.3,401562006.2,426057453.1
South Asia (IDA & IBRD),TSA,GDP (current US$),NY.GDP.MKTP.CD,2.29791E+12,2.35685E+12,2.58199E+12,2.69527E+12,2.90312E+12,3.29174E+12
Sub-Saharan Africa (IDA & IBRD countries),TSS,GDP (current US$),NY.GDP.MKTP.CD,1.61333E+12,1.70277E+12,1.78385E+12,1.61006E+12,1.51247E+12,1.64871E+12
Trinidad and Tobago,TTO,GDP (current US$),NY.GDP.MKTP.CD,25622915889,26578524198,27199856454,24402499451,22320008403,22104775828
Tunisia,TUN,GDP (current US$),NY.GDP.MKTP.CD,45044112939,46251061734,47587913059,43156708809,42062549395,40256675209
Turkey,TUR,GDP (current US$),NY.GDP.MKTP.CD,8.73982E+11,9.50579E+11,9.34186E+11,8.59797E+11,8.63722E+11,8.51102E+11
Tuvalu,TUV,GDP (current US$),NY.GDP.MKTP.CD,37671734.83,37509122.07,37290587.5,35556038.82,36572611.89,39731317.3
Tanzania,TZA,GDP (current US$),NY.GDP.MKTP.CD,39087748240,44413616116,48219734752,45623490992,47388395823,52090320325
Uganda,UGA,GDP (current US$),NY.GDP.MKTP.CD,23114293019,24599550742,27291880327,27102650472,24078931744,25891058946
Ukraine,UKR,GDP (current US$),NY.GDP.MKTP.CD,1.75781E+11,1.8331E+11,1.33503E+11,91030959455,93270479389,1.12154E+11
Upper middle income,UMC,GDP (current US$),NY.GDP.MKTP.CD,1.97033E+13,2.09818E+13,2.17035E+13,2.02108E+13,2.01089E+13,2.21684E+13
Uruguay,URY,GDP (current US$),NY.GDP.MKTP.CD,51264390116,57531233351,57236013086,53274304222,52687612262,56156972158
United States,USA,GDP (current US$),NY.GDP.MKTP.CD,1.61553E+13,1.66915E+13,1.74276E+13,1.81207E+13,1.86245E+13,1.93906E+13
Uzbekistan,UZB,GDP (current US$),NY.GDP.MKTP.CD,51821573338,57690453461,63067077179,66903804143,67067565989,48717685984
St. Vincent and the Grenadines,VCT,GDP (current US$),NY.GDP.MKTP.CD,692933740.7,721207148.1,725185185.2,756666666.7,765555555.6,789629629.6
"Venezuela, RB",VEN,GDP (current US$),NY.GDP.MKTP.CD,3.81286E+11,3.71005E+11,4.82359E+11,,,
British Virgin Islands,VGB,GDP (current US$),NY.GDP.MKTP.CD,,,,,,
Virgin Islands (U.S.),VIR,GDP (current US$),NY.GDP.MKTP.CD,4095000000,3764000000,3624000000,3765000000,,
Vietnam,VNM,GDP (current US$),NY.GDP.MKTP.CD,1.5582E+11,1.71222E+11,1.86205E+11,1.93241E+11,2.05276E+11,2.23864E+11
Vanuatu,VUT,GDP (current US$),NY.GDP.MKTP.CD,781702874.1,801787555.9,814954307,737917151.4,787942567.4,862879789.4
World,WLD,GDP (current US$),NY.GDP.MKTP.CD,7.49656E+13,7.70506E+13,7.91314E+13,7.48427E+13,7.59368E+13,8.06838E+13
Samoa,WSM,GDP (current US$),NY.GDP.MKTP.CD,801168622.3,804808525.5,803589511.8,803985809.2,786356314.8,856626506
Kosovo,XKX,GDP (current US$),NY.GDP.MKTP.CD,6500192728,7073420074,7386891336,6439946767,6715486726,7128690557
"Yemen, Rep.",YEM,GDP (current US$),NY.GDP.MKTP.CD,35401325144,40415235702,43228582065,34602480339,18213328571,
South Africa,ZAF,GDP (current US$),NY.GDP.MKTP.CD,3.96333E+11,3.66829E+11,3.50905E+11,3.17741E+11,2.95763E+11,3.49419E+11
Zambia,ZMB,GDP (current US$),NY.GDP.MKTP.CD,25503370699,28045460442,27150630607,21154394546,20954754378,25808666422
Zimbabwe,ZWE,GDP (current US$),NY.GDP.MKTP.CD,14242490300,15451768700,15891049200,16304667800,16619960400,17845821400
